Sofia;Marisol;Rodriguez;Hernandez
Isabella;Gabriela;Garcia;Rodriguez
Valentina;Esmeralda;Gonzalez;Garcia
Emma;Celeste;Lopez;Martinez
Mia;Valentina;Martínez;Lopez
Camila;Julieta;Perez;Perez
Lucía;Renata;Sanchez;Sanchez
Victoria;Valeria;Romero;Romero
Martina;Jimena;Fernandez;Gonzalez
Catalina;Marina;Torres;Torres
Emilia;Daniela;Ramirez;Ramirez
Antonia;Romina;Morales;Morales
Natalia;Luciana;Ortega;Ortega
Olivia;Paulina;Diaz;Diaz
Valeria;Adriana;Herrera;Flores
Gabriela;Camila;Medina;Vargas
Daniela;Natalia;Castro;Silva
Fernanda;Fernanda;Vargas;Mendoza
Sara;Isabella;Jimenez;Cruz
Andrea;Carolina;Rios;Castro
Carolina;Lorena;Mendoza;Rios
Paula;Beatriz;Castro;Espinoza
Elena;Sofia;Gomez;Salazar
Mariana;Lourdes;Delgado;Nunez
Lorena;Rosario;Silva;Medina
Alejandra;Aurora;Rivera;Delgado
Raquel;Andrea;Morales;Rivas
Patricia;Belen;Cortes;Fuentes
Beatriz;Paloma;Cruz;Rojas
Rosa;Rocio;Aguilar;Aguilar
Laura;Victoria;Paredes;Miranda
Patricia;Constanza;Pena;Paredes
Silvia;Guadalupe;Rangel;Guzman
Lourdes;Esperanza;Valdez;Velasquez
Isabel;Ximena;Fuentes;Cervantes
Angela;Milagros;Vega;Olivares
Susana;Cynthia;Rosales;Herrera
Adriana;Carolina;Navarro;Vidal
Veronica;Diana;Duarte;Navarro
Ana;Marcela;Escobar;Pacheco
Cecilia;Nataly;Guzman;Cardenas
Clara;Veronica;Villegas;Solis
Diana;Martina;Nunez;Valdez
Elena;Lucia;Herrera;Leon
Esther;Antonia;Miranda;Viera
Flora;Margarita;Bravo;Sepulveda
Gisela;Catalina;Munoz;Mora
Helena;Alejandra;Guerra;Contreras
Ines;Lorena;Cervantes;Pizarro
Julia;Claudia;Rojas;Espinoza
Karina;Estefania;Ochoa;Quintero
Lidia;Paola;Salgado;Araya
Magdalena;Priscila;Vasquez;Mendez
Natalia;Silvana;Contreras;Bautista
Olga;Vanessa;Lozano;Calderon
Paloma;Romina;Tapia;Zamora
Rebeca;Cynthia;Solis;Sanabria
Sandra;Graciela;Vidal;Avila
Tatiana;Daniela;Bautista;Escobar
Ursula;Milena;Espinoza;Rangel
Juan;Alejandro;Leon;Villalobos
Pedro;Rafael;Cordero;Ochoa
Andrés;Eduardo;Viera;Serrano
Luis;Ignacio;Sepulveda;Alvarado
Carlos;Martin;Quintero;Molina
Alejandro;Leonel;Araya;Caceres
Diego;Sebastian;Figueroa;Palacios
Manuel;Julian;Olivares;Vasquez
Jose;Agustin;Pizarro;Acosta
Miguel;Francisco;Mendez;Rios
Ricardo;Ricardo;Pacheco;Bolanos
Gabriel;Angel;Rivas;Godinez
Javier;Sergio;Aguirre;Zuniga
Daniel;Maximiliano;Acosta;Cordero
Antonio;German;Molina;Varela
Rafael;Andres;Caceres;Pinto
Francisco;Javier;Sanabria;Rivera
Jorge;Alonso;Avila;Aguilar
Ernesto;Benjamin;Rios;Villanueva
Mario;Mauricio;Padilla;Alarcon
Fernando;Esteban;Soto;Ayala
Sergio;Cristian;Cortes;Avila
Guillermo;Fabian;Alvarado;Tapia
Eduardo;Renato;Aguilar;Soto
Adrian;Gabriel;Bolanos;Sosa
Víctor;Roberto;Castro;Barrios
Roberto;Valentin;Sosa;Escalante
Ruben;Emilio;Alarcon;Chaves
Hector;Simon;Ayala;Lara
Oscar;Alonso;Escobar;Duran
Emilio;Alexis;Espinoza;Rivas
Tomas;Orlando;Godinez;Morales
Sebastian;Hugo;Navarro;Rojas
Esteban;Ismael;Peya;Chacon
Israel;Oscar;Pinto;Miranda
Raul;Nelson;Rivera;Marin
Angel;Julio;Serrano;Segura
Gonzalo;Eduardo;Vega;Delgado
Ivan;Arturo;Zuniga;Ugalde
Leonardo;Adrian;Avila;Vargas
